-- Cambiar a la base de datos
USE mecanicoDB;

-- Insertar clientes (30 clientes)
INSERT INTO clientes (nombre, apellido_1, apellido_2, fecha_nacimiento, edad) VALUES
('Juan', 'Pérez', 'López', '1985-03-15', 39),
('María', 'García', 'Martínez', '1990-12-25', 33),
('Luis', 'Fernández', 'Hernández', '1978-07-11', 46),
('Ana', 'López', 'Gómez', '1989-11-20', 34),
('Carlos', 'Rodríguez', 'Sánchez', '1995-02-14', 29),
('Elena', 'Martínez', 'Díaz', '2000-10-05', 23),
('Pedro', 'Moreno', 'Alonso', '1997-11-19', 26),
('Carmen', 'Hernández', 'Jiménez', '1982-11-07', 41),
('Miguel', 'Gómez', 'Ruiz', '1999-02-28', 25),
('Laura', 'Díaz', 'Vargas', '1984-05-17', 40),
('Javier', 'Ramírez', 'Blanco', '1993-07-30', 31),
('Patricia', 'Torres', 'Ramos', '1987-09-12', 37),
('Fernando', 'Serrano', 'Gil', '1996-11-06', 27),
('Isabel', 'Vega', 'Navarro', '1981-05-22', 43),
('Rafael', 'Castillo', 'Ortega', '2002-05-01', 22),
('Gloria', 'Rubio', 'Mendoza', '1979-12-15', 44),
('José', 'Marín', 'Pérez', '1994-08-18', 30),
('Beatriz', 'Soto', 'Campos', '1993-05-29', 31),
('Antonio', 'Medina', 'Vidal', '1986-02-09', 38),
('Marta', 'Reyes', 'Molina', '1997-10-30', 26),
('Rosa', 'Álvarez', 'Delgado', '2003-11-03', 21),
('Héctor', 'Ortiz', 'Aranda', '1992-12-13', 32),
('Teresa', 'Vargas', 'Pascual', '1985-05-15', 39),
('Pablo', 'Calvo', 'Paredes', '1998-12-02', 25),
('Nuria', 'Carrillo', 'Santos', '1983-05-05', 41),
('Raúl', 'Bueno', 'Benítez', '1995-06-20', 29),
('Sara', 'Guzmán', 'Morales', '2000-02-14', 24),
('Alberto', 'Cruz', 'Rojas', '1986-08-22', 38),
('Eva', 'Núñez', 'Ortiz', '1994-10-10', 30),
('Víctor', 'Herrera', 'Ponce', '2001-07-17', 23);


-- Insertar teléfonos (un teléfono por cliente)
INSERT INTO telefonos (cliente, telefono) VALUES
(1, 666555444), (2, 665544333), (3, 664433222), (4, 663322111), (5, 662211000),
(6, 661100999), (7, 660009888), (8, 669888777), (9, 668777666), (10, 667666555),
(11, 666555444), (12, 665544333), (13, 664433222), (14, 663322111), (15, 662211000),
(16, 661100999), (17, 660009888), (18, 669888777), (19, 668777666), (20, 667666555),
(21, 666555444), (22, 665544333), (23, 664433222), (24, 663322111), (25, 662211000),
(26, 661100999), (27, 660009888), (28, 669888777), (29, 668777666), (30, 667666555);

-- Insertar vehículos (40 vehículos)
INSERT INTO vehiculos (matricula, cliente, marca, modelo, fecha_matriculacion) VALUES
('1234ABC', 1, 'Toyota', 'Corolla', '2010-06-15'),
('5678DEF', 2, 'Honda', 'Civic', '2015-09-20'),
('9101GHI', 3, 'Ford', 'Focus', '2012-03-10'),
('1213JKL', 4, 'Volkswagen', 'Golf', '2017-01-25'),
('1415MNO', 5, 'Nissan', 'Altima', '2020-11-10'),
('1617PQR', 6, 'Hyundai', 'Elantra', '2013-08-12'),
('1819STU', 7, 'Kia', 'Sportage', '2019-02-28'),
('2021VWX', 8, 'Chevrolet', 'Malibu', '2011-05-17'),
('2223YZA', 9, 'Mazda', '3', '2014-07-22'),
('2425BCD', 10, 'Subaru', 'Outback', '2018-09-30'),
('2627EFG', 11, 'BMW', '320i', '2022-03-01'),
('2829HIJ', 12, 'Audi', 'A4', '2021-11-15'),
('3031KLM', 13, 'Mercedes', 'C-Class', '2010-04-07'),
('3233NOP', 14, 'Jeep', 'Wrangler', '2015-10-10'),
('3435QRS', 15, 'Volvo', 'XC60', '2017-12-22'),
('3637TUV', 16, 'Tesla', 'Model 3', '2023-01-01'),
('3839WXY', 17, 'Porsche', '911', '2018-08-18'),
('4041ZAB', 18, 'Lexus', 'RX350', '2016-03-12'),
('4243CDE', 19, 'Ferrari', '488', '2020-10-05'),
('4445FGH', 20, 'Toyota', 'RAV4', '2011-06-30');

-- Insertar los 20 vehículos restantes
INSERT INTO vehiculos (matricula, cliente, marca, modelo, fecha_matriculacion) VALUES
('4546IJK', 21, 'Seat', 'Ibiza', '2016-04-18'),
('4748LMN', 22, 'Renault', 'Clio', '2014-09-07'),
('4950OPQ', 23, 'Peugeot', '208', '2018-11-12'),
('5152RST', 24, 'Citroën', 'C3', '2015-02-14'),
('5354UVW', 25, 'Opel', 'Corsa', '2017-05-20'),
('5556XYZ', 26, 'Fiat', 'Panda', '2013-06-30'),
('5758ABC', 27, 'Hyundai', 'i30', '2020-01-10'),
('5960DEF', 28, 'Kia', 'Rio', '2019-03-22'),
('6162GHI', 29, 'Chevrolet', 'Spark', '2018-07-18'),
('6364JKL', 30, 'Mazda', 'CX-5', '2021-08-15'),
('6566MNO', 1, 'Toyota', 'Yaris', '2019-10-25'),
('6768PQR', 2, 'Honda', 'Jazz', '2017-12-10'),
('6970STU', 3, 'Ford', 'Fiesta', '2020-09-05'),
('7172VWX', 4, 'Volkswagen', 'Passat', '2018-04-13'),
('7374YZA', 5, 'Nissan', 'Qashqai', '2021-11-01'),
('7576BCD', 6, 'Subaru', 'Forester', '2019-02-25'),
('7778EFG', 7, 'BMW', 'X3', '2020-06-07'),
('7979HIJ', 8, 'Audi', 'Q5', '2022-03-30'),
('8081KLM', 9, 'Mercedes', 'GLE', '2019-12-19'),
('8283NOP', 10, 'Jeep', 'Cherokee', '2017-07-20'),
('4859MDF', 1, 'Honda', 'Civic', '1989-06-15');


INSERT INTO vehiculos (matricula, cliente, marca, modelo, fecha_matriculacion) VALUES
('8492NSS', 1, 'Renault', 'Rafale', '2024-08-23'),
('6782LPS', 2, 'Peugeot', '308', '2024-02-03'),
('3784MLN', 2, 'Audi', 'A8', '2023-07-23'),
('2348PQR', 2, 'Mercedes', 'GLC', '2025-03-19');

-- Hasta completar 40 vehículos con clientes distintos.



INSERT INTO mecanicos (nombre, apellido_1, apellido_2, DNI, fecha_nacimiento, edad, telefono, especialidad, salario, años_experiencia)
VALUES
('Jaime', 'Valencia', 'Martínez', '12345678RT', '1984-05-12', 40, 611223344, 'Motores', 28000.00, 10),
('María', 'López', 'García', '23456789FS', '1986-09-20', 38, 622334455, 'Suspensión', 25000.00, 8),
('Juan', 'Fernández', 'Ruiz', '34567890MN', '1982-03-15', 42, 633445566, 'Transmisión', 30000.00, 12),
('Ana', 'Hernández', 'Soto', '45678901TR', '1990-07-01', 34, 644556677, 'Frenos', 22000.00, 6),
('Carlos', 'Pérez', 'Mendoza', '56789012PL', '1979-11-22', 45, 655667788, 'Eléctrica', 35000.00, 15),
('Carmen', 'Torres', 'Navarro', '67890123GV', '1985-01-30', 39, 666778899, 'Diagnóstico', 24000.00, 9),
('Luis', 'Gómez', 'Ramírez', '78901234KS', '1993-02-10', 31, 677889900, 'Carrocería', 20000.00, 5),
('Marta', 'Díaz', 'Ortega', '89012345BR', '1988-12-05', 35, 688990011, 'Pintura', 23000.00, 7),
('José', 'Vega', 'Reyes', '90123456NP', '1996-04-18', 28, 699100122, 'Aire Acondicionado', 18500.00, 4),
('Elena', 'Castillo', 'Vidal', '11223344TX', '1983-08-27', 41, 610221334, 'Revisiones Generales', 27000.00, 11);


-- Insertar servicios (20 servicios)
INSERT INTO servicios (nombre, coste) VALUES
('Cambio de Aceite', 50), ('Cambio de Filtro', 30), ('Revisión General', 100),
('Cambio de Neumáticos', 200), ('Alineación', 70), ('Reparación de Frenos', 150),
('Diagnóstico', 40), ('Cambio de Batería', 120), ('Pintura Exterior', 300),
('Limpieza Interior', 80), ('Cambio de Correa', 180), ('Reparación de Transmisión', 500),
('Revisión de Motor', 400), ('Cambio de Amortiguadores', 250), ('Revisión Eléctrica', 100),
('Revisión Aire Acondicionado', 70), ('Cambio de Escobillas', 20),
('Reparación de Faros', 90), ('Cambio de Radiador', 320), ('Revisión Sistema de Escape', 150);

-- Insertar incidencias (30 órdenes)
INSERT INTO incidencias (matricula, fecha_entrada, fecha_entrega) VALUES
('1234ABC', '2024-12-01', '2024-12-03'), ('5678DEF', '2024-12-01', '2024-12-02'),
('9101GHI', '2024-11-30', '2024-12-02');

-- Insertar incidencias restantes
INSERT INTO incidencias (matricula, fecha_entrada, fecha_entrega) VALUES
('1234ABC', '2024-12-01', '2024-12-03'), -- Primera orden (ya existente para este vehículo)
('5678DEF', '2024-12-01', '2024-12-02'), -- Primera orden (ya existente)
('9101GHI', '2024-11-30', '2024-12-02'), -- Primera orden (ya existente)
-- Órdenes para los vehículos restantes (asegurando al menos 1 por vehículo)
('1213JKL', '2024-12-01', '2024-12-04'),
('1415MNO', '2024-12-02', '2024-12-05'),
('1617PQR', '2024-12-03', '2024-12-06'),
('1819STU', '2024-12-04', '2024-12-07'),
('2021VWX', '2024-12-05', '2024-12-08'),
('2223YZA', '2024-12-06', '2024-12-09'),
('2425BCD', '2024-12-07', '2024-12-10'),
('2627EFG', '2024-12-08', '2024-12-11'),
('2829HIJ', '2024-12-09', '2024-12-12'),
('3031KLM', '2024-12-10', '2024-12-13'),
('3233NOP', '2024-12-11', '2024-12-14'),
('3435QRS', '2024-12-12', '2024-12-15'),
('3637TUV', '2024-12-13', '2024-12-16'),
('3839WXY', '2024-12-14', '2024-12-17'),
('4041ZAB', '2024-12-15', '2024-12-18'),
('4243CDE', '2024-12-16', '2024-12-19'),
('4445FGH', '2024-12-17', '2024-12-20'),
('4546IJK', '2024-12-18', '2024-12-21'),
('4748LMN', '2024-12-19', '2024-12-22'),
('4950OPQ', '2024-12-20', '2024-12-23'),
('5152RST', '2024-12-21', '2024-12-24'),
('5354UVW', '2024-12-22', '2024-12-25'),
('5556XYZ', '2024-12-23', '2024-12-26'),
('5758ABC', '2024-12-24', '2024-12-27'),
('5960DEF', '2024-12-25', '2024-12-28'),
('6162GHI', '2024-12-26', '2024-12-29'),
('6364JKL', '2024-12-27', '2024-12-30'),
-- Vehículos con múltiples órdenes (al menos 5)
('1234ABC', '2024-11-15', '2024-11-17'),
('1234ABC', '2024-10-01', '2024-10-03'),
('5678DEF', '2024-11-01', '2024-11-03'),
('5678DEF', '2024-09-01', '2024-09-03'),
('9101GHI', '2024-08-01', '2024-08-03'),
('9101GHI', '2024-07-01', '2024-07-03'),
('1617PQR', '2024-05-01', '2024-05-03'),
('1617PQR', '2024-04-01', '2024-04-03'),
('2223YZA', '2024-03-01', '2024-03-03'),
('2223YZA', '2024-02-01', '2024-02-03');-- Nuovo


INSERT INTO incidencias (matricula, fecha_entrada, fecha_entrega) VALUES
('4859MDF', '2025-02-01', '2025-02-25'),
('8492NSS', '2025-03-12', '2025-03-24'),
('6782LPS', '2025-04-02', '2025-04-25'),
('3784MLN', '2025-05-07', '2025-05-19'),
('2348PQR', '2025-08-20', '2025-08-26');

INSERT INTO incidencias (matricula, fecha_entrada, fecha_entrega) VALUES
('8492NSS', '2025-03-12', '2025-03-24'),
('8492NSS', '2025-04-04', '2025-04-25'),
('8492NSS', '2025-05-07', '2025-05-24'),
('2348PQR', '2025-10-20', '2025-10-30');




/*
NUEVAS
*/





INSERT INTO incidencias (matricula, fecha_entrada, fecha_entrega) VALUES
-- 1234ABC (10 nuevas)
('1234ABC','2025-01-05','2025-01-10'),
('1234ABC','2025-02-02','2025-02-11'),
('1234ABC','2025-03-14','2025-03-30'),
('1234ABC','2025-04-06','2025-04-18'),
('1234ABC','2025-05-08','2025-05-22'),
('1234ABC','2025-06-03','2025-06-15'),
('1234ABC','2025-07-10','2025-07-28'),
('1234ABC','2025-08-12','2025-08-20'),
('1234ABC','2025-10-03','2025-10-19'),
('1234ABC','2025-11-11','2025-11-21'),

-- 5678DEF (10 nuevas)
('5678DEF','2025-01-14','2025-01-24'),
('5678DEF','2025-02-18','2025-03-05'),
('5678DEF','2025-03-20','2025-03-30'),
('5678DEF','2025-04-09','2025-04-22'),
('5678DEF','2025-05-17','2025-05-26'),
('5678DEF','2025-06-12','2025-06-23'),
('5678DEF','2025-07-04','2025-07-17'),
('5678DEF','2025-08-13','2025-08-25'),
('5678DEF','2025-10-01','2025-10-11'),
('5678DEF','2025-11-18','2025-11-30'),

-- 9101GHI (10 nuevas)
('9101GHI','2025-01-08','2025-01-23'),
('9101GHI','2025-02-12','2025-02-22'),
('9101GHI','2025-03-03','2025-03-14'),
('9101GHI','2025-04-11','2025-04-24'),
('9101GHI','2025-05-02','2025-05-18'),
('9101GHI','2025-06-15','2025-06-28'),
('9101GHI','2025-07-07','2025-07-20'),
('9101GHI','2025-08-09','2025-08-21'),
('9101GHI','2025-10-14','2025-10-29'),
('9101GHI','2025-11-03','2025-11-17'),

-- 1213JKL (5 nuevas)
('1213JKL','2025-01-09','2025-01-22'),
('1213JKL','2025-03-05','2025-03-16'),
('1213JKL','2025-05-11','2025-05-23'),
('1213JKL','2025-07-14','2025-07-31'),
('1213JKL','2025-09-03','2025-09-19'),

-- 1415MNO (5 nuevas)
('1415MNO','2025-01-18','2025-01-30'),
('1415MNO','2025-03-10','2025-03-25'),
('1415MNO','2025-04-06','2025-04-14'),
('1415MNO','2025-06-08','2025-06-21'),
('1415MNO','2025-09-11','2025-09-27'),

-- 1617PQR (10 nuevas)
('1617PQR','2025-01-02','2025-01-14'),
('1617PQR','2025-02-04','2025-02-24'),
('1617PQR','2025-03-12','2025-03-25'),
('1617PQR','2025-04-15','2025-04-29'),
('1617PQR','2025-05-04','2025-05-19'),
('1617PQR','2025-06-19','2025-06-29'),
('1617PQR','2025-07-21','2025-08-05'),
('1617PQR','2025-09-10','2025-09-28'),
('1617PQR','2025-10-06','2025-10-21'),
('1617PQR','2025-11-09','2025-11-25'),

-- 1819STU (5 nuevas)
('1819STU','2025-01-07','2025-01-19'),
('1819STU','2025-03-14','2025-03-25'),
('1819STU','2025-05-18','2025-06-03'),
('1819STU','2025-07-02','2025-07-17'),
('1819STU','2025-10-05','2025-10-17'),

-- 2021VWX (5 nuevas)
('2021VWX','2025-02-02','2025-02-14'),
('2021VWX','2025-04-08','2025-04-27'),
('2021VWX','2025-05-09','2025-05-23'),
('2021VWX','2025-08-01','2025-08-20'),
('2021VWX','2025-10-18','2025-11-02'),

-- 2223YZA (8 nuevas)
('2223YZA','2025-01-12','2025-01-29'),
('2223YZA','2025-02-14','2025-02-27'),
('2223YZA','2025-03-09','2025-03-23'),
('2223YZA','2025-04-28','2025-05-10'),
('2223YZA','2025-06-04','2025-06-22'),
('2223YZA','2025-08-15','2025-08-30'),
('2223YZA','2025-09-12','2025-09-26'),
('2223YZA','2025-11-10','2025-11-25'),

-- 2425BCD (5 nuevas)
('2425BCD','2025-01-03','2025-01-16'),
('2425BCD','2025-03-05','2025-03-22'),
('2425BCD','2025-06-06','2025-06-20'),
('2425BCD','2025-08-04','2025-08-16'),
('2425BCD','2025-10-11','2025-10-27'),

-- 2627EFG (5 nuevas)
('2627EFG','2025-01-08','2025-01-26'),
('2627EFG','2025-03-11','2025-03-20'),
('2627EFG','2025-06-01','2025-06-15'),
('2627EFG','2025-09-02','2025-09-18'),
('2627EFG','2025-11-01','2025-11-13'),

-- 2829HIJ (5 nuevas)
('2829HIJ','2025-02-02','2025-02-20'),
('2829HIJ','2025-04-10','2025-04-28'),
('2829HIJ','2025-06-18','2025-07-03'),
('2829HIJ','2025-08-09','2025-08-26'),
('2829HIJ','2025-10-10','2025-10-21'),

-- 3031KLM (5 nuevas)
('3031KLM','2025-01-16','2025-01-27'),
('3031KLM','2025-03-18','2025-03-31'),
('3031KLM','2025-07-13','2025-07-27'),
('3031KLM','2025-10-05','2025-10-19'),
('3031KLM','2025-12-02','2025-12-18'),

-- 3233NOP (5 nuevas)
('3233NOP','2025-01-05','2025-01-23'),
('3233NOP','2025-03-04','2025-03-17'),
('3233NOP','2025-06-10','2025-06-25'),
('3233NOP','2025-09-08','2025-09-19'),
('3233NOP','2025-12-04','2025-12-17'),

-- 3435QRS (5 nuevas)
('3435QRS','2025-02-04','2025-02-21'),
('3435QRS','2025-05-06','2025-05-20'),
('3435QRS','2025-07-18','2025-08-02'),
('3435QRS','2025-10-01','2025-10-19'),
('3435QRS','2025-12-10','2025-12-23'),

-- 3637TUV (5 nuevas)
('3637TUV','2025-01-02','2025-01-20'),
('3637TUV','2025-04-08','2025-04-17'),
('3637TUV','2025-06-12','2025-06-27'),
('3637TUV','2025-09-03','2025-09-15'),
('3637TUV','2025-11-09','2025-11-26'),

-- 3839WXY (5 nuevas)
('3839WXY','2025-02-18','2025-03-05'),
('3839WXY','2025-04-14','2025-04-25'),
('3839WXY','2025-07-20','2025-08-03'),
('3839WXY','2025-09-16','2025-09-28'),
('3839WXY','2025-11-14','2025-11-29'),

-- 4041ZAB (5 nuevas)
('4041ZAB','2025-01-12','2025-01-31'),
('4041ZAB','2025-03-19','2025-03-30'),
('4041ZAB','2025-05-27','2025-06-10'),
('4041ZAB','2025-07-02','2025-07-21'),
('4041ZAB','2025-10-03','2025-10-22');


/*
FIN NUEVAS
*/


-- Relacionar servicios y mecánicos con las órdenes
-- INSERT INTO serviciosPorOrdenDeTrabajo (orden_id, servicio_id) VALUES
-- (1, 1), (1, 2), (2, 3), (3, 4); -- Hasta asociar servicios a todas las órdenes.

-- Asignar servicios a órdenes de trabajo
INSERT INTO serviciosIncidencias (incidencia_id, servicio_id) VALUES
-- Órdenes con 1 servicio
(1, 1), (2, 2), (3, 3), (4, 4), (5, 5), 
(6, 6), (7, 7), (8, 8), (9, 9), (10, 10),

-- Órdenes con 2 servicios
(11, 1), (11, 2), (12, 3), (12, 4), 
(13, 5), (13, 6), (14, 7), (14, 8),

-- Órdenes con 3 servicios
(15, 1), (15, 2), (15, 3), (16, 4), (16, 5), (16, 6), 
(17, 7), (17, 8), (17, 9), (18, 10), (18, 11), (18, 12),

-- Órdenes con 4 servicios
(19, 1), (19, 2), (19, 3), (19, 4), (20, 5), (20, 6), 
(20, 7), (20, 8), (21, 9), (21, 10), (21, 11), (21, 12),

-- Órdenes con 5 servicios
(22, 1), (22, 2), (22, 3), (22, 4), (22, 5), 
(23, 6), (23, 7), (23, 8), (23, 9), (23, 10),

-- Distribución mixta para las órdenes restantes
(24, 1), (24, 6), (24, 11), -- 3 servicios
(25, 2), (25, 7), -- 2 servicios
(26, 3), -- 1 servicio
(27, 4), (27, 5), (27, 6), -- 3 servicios
(28, 7), (28, 8), -- 2 servicios
(29, 9), (29, 10), (29, 11), (29, 12), -- 4 servicios
(30, 13), (30, 14), (30, 15), (30, 16), (30, 17); -- 5 servicios

INSERT INTO serviciosIncidencias (incidencia_id, servicio_id) VALUES
(44, 1),
(45, 13), (45, 14), (45, 18), (45, 19),
(46, 11), (44, 12), (44, 13),
(47, 7), (47, 18),
(48, 9), (48, 10), (48, 11);

INSERT INTO serviciosIncidencias (incidencia_id, servicio_id) VALUES
(49, 1), (49, 5), (49, 14), (49, 15), (49, 16), (49, 17),
(50, 13), (50, 14), (50, 18), (50, 19),
(51, 11), (51, 12), (51, 13),
(52, 7), (52, 18);


/*
NUEVOS
*/

INSERT INTO serviciosIncidencias (incidencia_id, servicio_id) VALUES
(53,14),(53,17),(53,1),
(54,15),(54,18),(54,2),
(55,16),(55,19),(55,3),
(56,17),(56,20),(56,4),
(57,18),(57,1),(57,5),
(58,19),(58,2),(58,6),
(59,20),(59,3),(59,7),
(60,1),(60,4),(60,8),
(61,2),(61,5),(61,9),
(62,3),(62,6),(62,10),
(63,4),(63,7),(63,11),
(64,5),(64,8),(64,12),
(65,6),(65,9),(65,13),
(66,7),(66,10),(66,14),
(67,8),(67,11),(67,15),
(68,9),(68,12),(68,16),
(69,10),(69,13),(69,17),
(70,11),(70,14),(70,18),
(71,12),(71,15),(71,19),
(72,13),(72,16),(72,20),
(73,14),(73,17),(73,1),
(74,15),(74,18),(74,2),
(75,16),(75,19),(75,3),
(76,17),(76,20),(76,4),
(77,18),(77,1),(77,5),
(78,19),(78,2),(78,6),
(79,20),(79,3),(79,7),
(80,1),(80,4),(80,8),
(81,2),(81,5),(81,9),
(82,3),(82,6),(82,10),
(83,4),(83,7),(83,11),
(84,5),(84,8),(84,12),
(85,6),(85,9),(85,13),
(86,7),(86,10),(86,14),
(87,8),(87,11),(87,15),
(88,9),(88,12),(88,16),
(89,10),(89,13),(89,17),
(90,11),(90,14),(90,18),
(91,12),(91,15),(91,19),
(92,13),(92,16),(92,20),
(93,14),(93,17),(93,1),
(94,15),(94,18),(94,2),
(95,16),(95,19),(95,3),
(96,17),(96,20),(96,4),
(97,18),(97,1),(97,5),
(98,19),(98,2),(98,6),
(99,20),(99,3),(99,7),
(100,1),(100,4),(100,8),
(101,2),(101,5),(101,9),
(102,3),(102,6),(102,10),
(103,4),(103,7),(103,11),
(104,5),(104,8),(104,12),
(105,6),(105,9),(105,13),
(106,7),(106,10),(106,14),
(107,8),(107,11),(107,15),
(108,9),(108,12),(108,16),
(109,10),(109,13),(109,17),
(110,11),(110,14),(110,18),
(111,12),(111,15),(111,19),
(112,13),(112,16),(112,20),
(113,14),(113,17),(113,1),
(114,15),(114,18),(114,2),
(115,16),(115,19),(115,3),
(116,17),(116,20),(116,4),
(117,18),(117,1),(117,5),
(118,19),(118,2),(118,6),
(119,20),(119,3),(119,7),
(120,1),(120,4),(120,8),
(121,2),(121,5),(121,9),
(122,3),(122,6),(122,10),
(123,4),(123,7),(123,11),
(124,5),(124,8),(124,12),
(125,6),(125,9),(125,13),
(126,7),(126,10),(126,14),
(127,8),(127,11),(127,15),
(128,9),(128,12),(128,16),
(129,10),(129,13),(129,17),
(130,11),(130,14),(130,18),
(131,12),(131,15),(131,19),
(132,13),(132,16),(132,20),
(133,14),(133,17),(133,1),
(134,15),(134,18),(134,2),
(135,16),(135,19),(135,3),
(136,17),(136,20),(136,4),
(137,18),(137,1),(137,5),
(138,19),(138,2),(138,6),
(139,20),(139,3),(139,7),
(140,1),(140,4),(140,8),
(141,2),(141,5),(141,9),
(142,3),(142,6),(142,10),
(143,4),(143,7),(143,11),
(144,5),(144,8),(144,12),
(145,6),(145,9),(145,13),
(146,7),(146,10),(146,14),
(147,8),(147,11),(147,15),
(148,9),(148,12),(148,16),
(149,10),(149,13),(149,17),
(150,11),(150,14),(150,18),
(151,12),(151,15),(151,19),
(152,13),(152,16),(152,20),
(153,14),(153,17),(153,1),
(154,15),(154,18),(154,2),
(155,16),(155,19),(155,3),
(156,17),(156,20),(156,4),
(157,18),(157,1),(157,5),
(158,19),(158,2),(158,6),
(159,20),(159,3),(159,7),
(160,1),(160,4),(160,8),
(161,2),(161,5),(161,9),
(162,3),(162,6),(162,10),
(163,4),(163,7),(163,11),
(164,5),(164,8),(164,12),
(165,6),(165,9),(165,13);


/*
FIN NUEVOS
*/






-- INSERT INTO mecanicosPorOrdenDeTrabajo (mecanico, orden, fecha, horas) VALUES
-- (1, 1, '2024-12-01', 5), (2, 2, '2024-12-02', 4), (3, 3, '2024-12-01', 6); -- Completar para todas las órdenes.

-- Asignar mecánicos a las órdenes de trabajo
INSERT INTO mecanicosIncidencias (mecanico, incidencia, fecha, horas) VALUES
-- Órdenes 1 a 10: Cada orden tiene 1 mecánico
(1, 1, '2024-12-01', 5), 
(2, 2, '2024-12-02', 4), 
(3, 3, '2024-12-01', 6), 
(4, 4, '2024-12-03', 4), 
(5, 5, '2024-12-04', 5), 
(6, 6, '2024-12-05', 4), 
(7, 7, '2024-12-06', 3), 
(8, 8, '2024-12-07', 5), 
(9, 9, '2024-12-08', 4), 
(10, 10, '2024-12-09', 6),

-- Órdenes 11 a 18: Algunas órdenes tienen 2 mecánicos
(1, 11, '2024-12-10', 4), (2, 11, '2024-12-10', 3),  -- Orden 11 con 2 mecánicos
(3, 12, '2024-12-11', 5), (4, 12, '2024-12-11', 4),
(5, 13, '2024-12-12', 4), (6, 13, '2024-12-12', 5),  -- Orden 13 con 2 mecánicos
(7, 14, '2024-12-12', 5), (8, 14, '2024-12-12', 4),
(9, 15, '2024-12-13', 6), (10, 15, '2024-12-13', 5), -- Orden 15 con 2 mecánicos
(1, 16, '2024-12-13', 4), (2, 16, '2024-12-13', 3), -- Orden 16 con 2 mecánicos
(3, 17, '2024-12-14', 5), (4, 17, '2024-12-14', 6), -- Orden 17 con 2 mecánicos
(5, 18, '2024-12-14', 4), (6, 18, '2024-12-14', 5),

-- Órdenes 19 a 23: Algunas órdenes tienen 3 mecánicos
(1, 19, '2024-12-15', 4), (2, 19, '2024-12-15', 5), (3, 19, '2024-12-15', 6),  -- Orden 19 con 3 mecánicos
(4, 20, '2024-12-15', 4), (5, 20, '2024-12-15', 5), (6, 20, '2024-12-15', 4),  -- Orden 20 con 3 mecánicos
(7, 21, '2024-12-16', 4), (8, 21, '2024-12-16', 6), (9, 21, '2024-12-16', 5),  -- Orden 21 con 3 mecánicos
(10, 22, '2024-12-16', 5), (1, 22, '2024-12-16', 4), (2, 22, '2024-12-16', 5),  -- Orden 22 con 3 mecánicos
(3, 23, '2024-12-16', 4), (4, 23, '2024-12-16', 5), (5, 23, '2024-12-16', 6),  -- Orden 23 con 3 mecánicos

-- Órdenes 24 a 30: Algunas órdenes tienen 4 mecánicos, otras 1, 2 o 3
(1, 24, '2024-12-17', 5), (2, 24, '2024-12-17', 6), (3, 24, '2024-12-17', 5), (4, 24, '2024-12-17', 4),  -- Orden 24 con 4 mecánicos
(5, 25, '2024-12-17', 6), (6, 25, '2024-12-17', 4), (7, 25, '2024-12-17', 5), (8, 25, '2024-12-17', 5),
(1, 26, '2024-12-17', 5), (2, 26, '2024-12-17', 4),  -- Orden 26 con 2 mecánicos
(3, 27, '2024-12-17', 6), (4, 27, '2024-12-17', 4), (5, 27, '2024-12-17', 5),  -- Orden 27 con 3 mecánicos
(1, 28, '2024-12-18', 5), (2, 28, '2024-12-18', 6),  -- Orden 28 con 2 mecánicos
(3, 29, '2024-12-18', 4), (4, 29, '2024-12-18', 5),  -- Orden 29 con 2 mecánicos
(5, 30, '2024-12-19', 6), (6, 30, '2024-12-19', 5), (7, 30, '2024-12-19', 4), (8, 30, '2024-12-19', 6);  -- Orden 30 con 4 mecánicos

-- Parte 1
INSERT INTO mecanicosIncidencias (mecanico, incidencia, fecha, horas) VALUES
(2,53,'2025-01-08',8),
(5,53,'2025-01-06',2),
(4,54,'2025-01-18',2),
(1,54,'2025-01-18',2),
(10,55,'2025-01-21',2),
(9,55,'2025-01-19',6),
(2,55,'2025-01-22',3),
(4,56,'2025-03-28',3),
(5,56,'2025-03-16',7),
(6,56,'2025-03-24',2),
(8,57,'2025-05-11',8),
(7,57,'2025-05-18',5),
(3,58,'2025-06-12',2),
(8,58,'2025-06-11',4),
(9,58,'2025-06-09',3),
(3,59,'2025-07-25',5),
(10,59,'2025-07-22',2),
(6,59,'2025-07-27',2),
(2,60,'2025-08-13',6),
(1,60,'2025-08-13',7),
(7,60,'2025-08-19',8),
(2,61,'2025-10-09',3),
(6,62,'2025-11-14',8),
(1,62,'2025-11-13',2),
(9,62,'2025-11-14',8),
(8,63,'2025-01-13',4),
(4,63,'2025-01-08',4),
(6,63,'2025-01-10',5),
(10,64,'2025-01-23',3),
(1,64,'2025-01-10',6),
(9,64,'2025-01-17',3),
(5,65,'2025-01-22',2),
(3,65,'2025-01-20',4),
(7,65,'2025-01-09',8),
(4,66,'2025-01-05',3),
(2,66,'2025-01-12',7),
(1,66,'2025-01-12',6),
(6,67,'2025-01-15',4),
(10,67,'2025-01-25',5),
(8,67,'2025-01-20',3),
(9,68,'2025-02-21',2),
(7,68,'2025-02-24',2),
(3,69,'2025-03-06',5),
(5,69,'2025-03-18',2),
(2,69,'2025-03-23',6),
(1,70,'2025-04-17',4),
(4,70,'2025-04-16',6),
(8,70,'2025-04-18',8),
(6,71,'2025-05-08',8),
(9,71,'2025-05-06',5),
(3,72,'2025-06-24',7),
(5,72,'2025-06-18',6),
(10,72,'2025-06-22',6),
(2,73,'2025-07-10',3),
(4,73,'2025-07-23',7),
(7,73,'2025-07-13',7),
(8,74,'2025-08-08',4),
(1,74,'2025-08-08',7),
(6,74,'2025-08-09',6),
(3,75,'2025-10-27',5),
(9,75,'2025-10-21',4),
(2,76,'2025-11-03',6),
(5,76,'2025-11-06',5),
(4,77,'2025-01-14',6),
(1,77,'2025-01-23',6),
(8,78,'2025-03-27',4),
(7,78,'2025-03-20',6),
(2,79,'2025-05-10',2),
(6,79,'2025-05-12',4),
(3,79,'2025-05-14',2),
(10,80,'2025-07-19',8),
(9,80,'2025-07-15',5),
(5,81,'2025-08-17',2),
(4,81,'2025-08-07',2),
(1,82,'2025-10-09',5),
(6,82,'2025-10-02',4),
(7,82,'2025-10-12',7),
(8,83,'2025-11-15',3),
(2,83,'2025-11-12',8),
(3,83,'2025-11-19',5),
(10,84,'2025-01-10',6),
(9,84,'2025-01-09',5),
(5,85,'2025-03-18',7),
(1,85,'2025-03-19',3),
(4,85,'2025-03-06',3),
(7,86,'2025-06-10',7),
(8,86,'2025-06-11',5),
(6,86,'2025-06-13',7),
(2,87,'2025-08-26',8),
(3,87,'2025-08-25',8),
(9,87,'2025-08-17',2),
(1,88,'2025-10-07',6),
(4,88,'2025-10-07',5),
(6,89,'2025-12-08',6),
(5,89,'2025-12-06',2);


-- Parte 2
INSERT INTO mecanicosIncidencias (mecanico, incidencia, fecha, horas) VALUES
(8,90,'2025-01-10',6),
(2,90,'2025-01-12',6),
(10,91,'2025-01-23',4),
(3,91,'2025-01-18',3),
(1,92,'2025-01-29',6),
(4,92,'2025-01-22',7),
(7,93,'2025-02-18',8),
(9,93,'2025-02-21',6),
(6,93,'2025-02-19',7),
(5,94,'2025-03-06',4),
(2,94,'2025-03-25',3),
(1,95,'2025-03-11',6),
(8,95,'2025-03-16',4),
(4,96,'2025-04-06',6),
(3,96,'2025-04-11',8),
(6,97,'2025-05-06',4),
(10,97,'2025-05-07',5),
(2,98,'2025-06-06',5),
(7,98,'2025-06-06',2),
(5,99,'2025-07-02',3),
(9,99,'2025-07-07',6),
(3,100,'2025-08-10',5),
(1,100,'2025-08-10',6),
(4,101,'2025-10-08',7),
(6,101,'2025-10-13',2),
(8,102,'2025-11-25',3),
(2,102,'2025-11-23',4),
(7,103,'2025-01-20',7),
(5,103,'2025-01-20',6),
(3,104,'2025-01-12',6),
(9,104,'2025-01-25',2),
(1,105,'2025-03-14',8),
(4,105,'2025-03-19',4),
(6,106,'2025-05-15',6),
(8,106,'2025-05-21',3),
(2,107,'2025-07-28',3),
(10,107,'2025-07-24',4),
(5,108,'2025-09-03',3),
(3,108,'2025-09-11',5),
(1,109,'2025-11-03',3),
(7,109,'2025-11-06',8),
(4,110,'2025-01-17',8),
(9,110,'2025-01-26',7),
(2,111,'2025-01-06',6),
(6,111,'2025-01-11',4),
(8,112,'2025-03-10',2),
(3,112,'2025-03-20',7),
(5,113,'2025-05-01',4),
(1,113,'2025-05-06',6),
(7,114,'2025-07-20',4),
(9,114,'2025-07-19',5),
(2,115,'2025-09-04',6),
(6,115,'2025-09-06',6),
(4,116,'2025-11-10',7),
(8,116,'2025-11-15',7),
(3,117,'2025-01-12',4),
(5,117,'2025-01-19',5),
(1,118,'2025-02-25',3),
(7,118,'2025-02-20',8),
(9,118,'2025-02-22',2),
(6,119,'2025-03-06',7),
(2,119,'2025-03-11',6),
(4,120,'2025-06-15',7),
(10,120,'2025-06-09',5),
(8,121,'2025-08-24',6),
(3,121,'2025-08-24',6),
(5,122,'2025-10-11',6),
(1,122,'2025-10-06',3),
(2,123,'2025-12-08',8),
(6,123,'2025-12-17',8),
(7,124,'2025-01-17',5),
(9,124,'2025-01-07',7),
(4,125,'2025-03-13',2),
(8,125,'2025-03-07',8),
(1,126,'2025-06-15',6),
(3,126,'2025-06-18',6),
(5,126,'2025-06-12',6),
(10,127,'2025-09-18',7),
(2,127,'2025-09-22',8),
(6,128,'2025-12-13',8),
(4,128,'2025-12-10',5),
(7,129,'2025-01-08',7),
(9,129,'2025-01-12',8),
(1,130,'2025-03-14',3),
(5,130,'2025-03-18',3),
(8,131,'2025-05-15',8),
(3,131,'2025-05-17',8),
(2,132,'2025-07-12',2),
(6,132,'2025-07-09',6),
(4,133,'2025-09-20',2),
(10,133,'2025-09-24',6),
(1,134,'2025-11-05',6),
(7,134,'2025-11-09',3),
(9,134,'2025-11-05',3),
(5,135,'2025-01-04',3),
(3,135,'2025-01-12',8),
(2,136,'2025-03-21',7),
(8,136,'2025-03-18',6),
(6,137,'2025-05-28',7),
(4,137,'2025-05-27',5),
(1,138,'2025-07-08',5),
(10,138,'2025-07-11',6),
(7,139,'2025-10-04',6),
(9,139,'2025-10-10',3),
(5,140,'2025-12-01',6),
(3,140,'2025-12-02',5),
(2,141,'2025-02-22',7),
(6,141,'2025-02-18',6);

-- INCIDENCIA 142 (2025-01-05 a 2025-01-09)
INSERT INTO mecanicosIncidencias VALUES
(3,142,'2025-01-06',5),
(6,142,'2025-01-07',3),
(10,142,'2025-01-08',4);

-- INCIDENCIA 143 (2025-01-10 a 2025-01-13)
INSERT INTO mecanicosIncidencias VALUES
(1,143,'2025-01-11',4),
(4,143,'2025-01-12',6);

-- INCIDENCIA 144 (2025-01-10 a 2025-01-15)
INSERT INTO mecanicosIncidencias VALUES
(2,144,'2025-01-11',4),
(5,144,'2025-01-13',5),
(7,144,'2025-01-14',3),
(9,144,'2025-01-15',4);

-- INCIDENCIA 145 (2025-01-14 a 2025-01-18)
INSERT INTO mecanicosIncidencias VALUES
(3,145,'2025-01-15',4),
(10,145,'2025-01-17',3);

-- INCIDENCIA 146 (2025-01-18 a 2025-01-23)
INSERT INTO mecanicosIncidencias VALUES
(1,146,'2025-01-19',5),
(4,146,'2025-01-20',6),
(6,146,'2025-01-22',4);

-- INCIDENCIA 147 (2025-01-20 a 2025-01-24)
INSERT INTO mecanicosIncidencias VALUES
(5,147,'2025-01-21',4),
(8,147,'2025-01-22',6);

-- INCIDENCIA 148 (2025-01-23 a 2025-01-29)
INSERT INTO mecanicosIncidencias VALUES
(2,148,'2025-01-24',5),
(6,148,'2025-01-26',3),
(7,148,'2025-01-27',4),
(10,148,'2025-01-28',5);

-- INCIDENCIA 149 (2025-01-25 a 2025-01-30)
INSERT INTO mecanicosIncidencias VALUES
(1,149,'2025-01-26',4),
(4,149,'2025-01-27',5),
(9,149,'2025-01-29',3);

-- INCIDENCIA 150 (2025-01-28 a 2025-02-02)
INSERT INTO mecanicosIncidencias VALUES
(3,150,'2025-01-29',6),
(8,150,'2025-01-31',5);

-- INCIDENCIA 151 (2025-01-30 a 2025-02-04)
INSERT INTO mecanicosIncidencias VALUES
(6,151,'2025-01-31',4),
(10,151,'2025-02-02',5);

-- INCIDENCIA 152 (2025-02-01 a 2025-02-05)
INSERT INTO mecanicosIncidencias VALUES
(2,152,'2025-02-02',5),
(3,152,'2025-02-04',4),
(7,152,'2025-02-05',3);

-- INCIDENCIA 153 (2025-02-03 a 2025-02-08)
INSERT INTO mecanicosIncidencias VALUES
(1,153,'2025-02-04',6),
(5,153,'2025-02-06',4);

-- INCIDENCIA 154 (2025-02-05 a 2025-02-11)
INSERT INTO mecanicosIncidencias VALUES
(4,154,'2025-02-06',5),
(6,154,'2025-02-08',3),
(9,154,'2025-02-10',4);

-- INCIDENCIA 155 (2025-02-07 a 2025-02-12)
INSERT INTO mecanicosIncidencias VALUES
(8,155,'2025-02-08',5),
(10,155,'2025-02-10',4);

-- INCIDENCIA 156 (2025-02-09 a 2025-02-13)
INSERT INTO mecanicosIncidencias VALUES
(1,156,'2025-02-10',6),
(3,156,'2025-02-11',5),
(7,156,'2025-02-13',4);

-- INCIDENCIA 157 (2025-02-11 a 2025-02-15)
INSERT INTO mecanicosIncidencias VALUES
(5,157,'2025-02-12',4);

-- INCIDENCIA 158 (2025-02-13 a 2025-02-19)
INSERT INTO mecanicosIncidencias VALUES
(2,158,'2025-02-14',4),
(6,158,'2025-02-16',5),
(8,158,'2025-02-18',3);

-- INCIDENCIA 159 (2025-02-15 a 2025-02-18)
INSERT INTO mecanicosIncidencias VALUES
(4,159,'2025-02-16',6),
(9,159,'2025-02-17',3);

-- INCIDENCIA 160 (2025-02-16 a 2025-02-22)
INSERT INTO mecanicosIncidencias VALUES
(3,160,'2025-02-17',5),
(5,160,'2025-02-20',3),
(10,160,'2025-02-21',4);

-- INCIDENCIA 161 (2025-02-18 a 2025-02-24)
INSERT INTO mecanicosIncidencias VALUES
(1,161,'2025-02-19',6),
(7,161,'2025-02-22',4);

-- INCIDENCIA 162 (2025-02-20 a 2025-02-25)
INSERT INTO mecanicosIncidencias VALUES
(6,162,'2025-02-21',4),
(8,162,'2025-02-23',6),
(3,162,'2025-02-24',3);

-- INCIDENCIA 163 (2025-02-22 a 2025-02-28)
INSERT INTO mecanicosIncidencias VALUES
(2,163,'2025-02-23',5),
(5,163,'2025-02-25',4),
(9,163,'2025-02-27',3);

-- INCIDENCIA 164 (2025-02-24 a 2025-03-01)
INSERT INTO mecanicosIncidencias VALUES
(4,164,'2025-02-25',6),
(7,164,'2025-02-28',5);

-- INCIDENCIA 165 (2025-02-26 a 2025-03-03)
INSERT INTO mecanicosIncidencias VALUES
(1,165,'2025-02-27',6),
(3,165,'2025-03-01',4),
(8,165,'2025-03-02',4),
(10,165,'2025-03-03',5);


